{"cache":{"battle":{"_dirname":"Battle","thumbs":"Thumbs.db","âgâtâfânâgägùp":"âGâtâFâNâgÄgùp.png","îîö ̳ûùü@éfédés":"îîö‗ûùü@éfédés.png"},"charset":{"_dirname":"CharSet","fcâcâxâôâgép":"FCâCâxâôâgéP.png","fcäõélî÷actép":"FCÄÕÉlî÷ACTéP.png","fcäõélî÷actéq":"FCÄÕÉlî÷ACTéQ.png","fcäõélî÷actér":"FCÄÕÉlî÷ACTéR.png","fcäõélî÷actés":"FCÄÕÉlî÷ACTéS.png","fcäõélî÷actét":"FCÄÕÉlî÷ACTéT.png","fcäõélî÷actéu":"FCÄÕÉlî÷ACTéU.png","fcäõélî÷ép":"FCÄÕÉlî÷éP.png","fcäõélî÷éq":"FCÄÕÉlî÷éQ.png","fcäõélî÷ér":"FCÄÕÉlî÷éR.png","fcäõélî÷és":"FCÄÕÉlî÷éS.png","mgäõélî÷1":"MGÄÕÉlî÷1.png","mgäõélî÷âlâiâô":"MGÄÕÉlî÷âlâIâô.png","mgäõélî÷éq":"MGÄÕÉlî÷éQ.png","mgäõélî÷ér":"MGÄÕÉlî÷éR.png","mgäõélî÷és":"MGÄÕÉlî÷éS.png","mgäõélî÷éu":"MGÄÕÉlî÷éU.png","mgäõélî÷î│":"MGÄÕÉlî÷î│.png","thumbs":"Thumbs.db","âcâxâôâgép":"âCâxâôâgéP.png","âcâxâôâgépéo":"âCâxâôâgéPéO.png","âcâxâôâgépép":"âCâxâôâgéPéP.png","âcâxâôâgépéq":"âCâxâôâgéPéQ.png","âcâxâôâgépérüiöóüj":"âCâxâôâgéPéRüiöÓüj.png","âcâxâôâgépés":"âCâxâôâgéPéS.png","âcâxâôâgépét":"âCâxâôâgéPéT.png","âcâxâôâgépéu":"âCâxâôâgéPéU.png","âcâxâôâgépév":"âCâxâôâgéPéV.png","âcâxâôâgépéw":"âCâxâôâgéPéW.png","âcâxâôâgépéx":"âCâxâôâgéPéX.png","âcâxâôâgéq":"âCâxâôâgéQ.png","âcâxâôâgéqéo":"âCâxâôâgéQéO.png","âcâxâôâgéqép":"âCâxâôâgéQéP.png","âcâxâôâgéqéq":"âCâxâôâgéQéQ.png","âcâxâôâgér":"âCâxâôâgéR.png","âcâxâôâgés":"âCâxâôâgéS.png","âcâxâôâgét":"âCâxâôâgéT.png","âcâxâôâgéu":"âCâxâôâgéU.png","âcâxâôâgévüiöóüj":"âCâxâôâgéVüiöÓüj.png","âcâxâôâgéw":"âCâxâôâgéW.png","âcâxâôâgéx":"âCâxâôâgéX.png","äõélî÷é`ébésép":"ÄÕÉlî÷é`ébéséP.png","äõélî÷é`ébéséq":"ÄÕÉlî÷é`ébéséQ.png","äõélî÷é`ébésér":"ÄÕÉlî÷é`ébéséR.png","äõélî÷é`ébésés":"ÄÕÉlî÷é`ébéséS.png","äõélî÷é`ébését":"ÄÕÉlî÷é`ébéséT.png","äõélî÷é`ébéséu":"ÄÕÉlî÷é`ébéséU.png","äõélî÷é`ébésév":"ÄÕÉlî÷é`ébéséV.png"},"chipset":{"_dirname":"ChipSet","fc":"FC.png","thumbs":"Thumbs.db","âfâpü[âg":"âfâpü[âg.png","âgâôâgâëâôâx":"âGâôâgâëâôâX.png","âlâiâô":"âlâIâô.png","âuâìâbân":"âuâìâbâN.png","âxâëâôâ_âzâbâg":"âxâëâôâ_âZâbâg.png","ä ̧èc":"Ä¸èC.png","å1⁄4â}âbâvép":"Å¼â}âbâvéP.png","å1⁄4â}âbâvéq":"Å¼â}âbâvéQ.png","å1⁄4â}âbâvér":"Å¼â}âbâvéR.png","å1⁄4â}âbâvésa":"Å¼â}âbâvéSA.png","å1⁄4â}âbâvésb":"Å¼â}âbâvéSB.png","è ̄û{":"è¯û{.png","èc":"èC.png","èkæiâ}âbâv":"èKÆiâ}âbâv.png","é®éaéú":"é®éªéÚ.png","éß":"Éß.png","éàé¢é▄éþ":"Éàé¢é▄éÞ.png","éãéè":"éÃéÈ.png","é╦é▒":"é╦é▒.png","ì╗":"ì╗.png","îzæý":"îZÆÝ.png","îüò¿":"îÜò¿.png","î╬ë±ÿl":"î╬ë±ÿL.png","òöë«â`âbâvép":"òöë«â`âbâvéP.png","ôdäè":"ôdÄÈ.png","ôdôò":"ôdôò.png","ôwäaä║":"ôWÄªÄ║.png","ôy":"ôy.png","ô╣ÿhâïü[âv":"ô╣ÿHâïü[âv.png","ö»î^":"ö»î^.png","û┌ï╩ÿr":"û┌ï╩ÿr.png"},"easyrpg_log.txt":"easyrpg_log.txt","faceset":{"_dirname":"FaceSet","thumbs":"Thumbs.db","èþâzâbâgép":"èþâZâbâgéP.png","èþâzâbâgéq":"èþâZâbâgéQ.png","èþâzâbâgérüiâlâiâôüj":"èþâZâbâgéRüiâlâIâôüj.png"},"gencache.exe":"gencache.exe","map0001.lmu":"Map0001.lmu","map0002.lmu":"Map0002.lmu","map0003.lmu":"Map0003.lmu","map0004.lmu":"Map0004.lmu","map0005.lmu":"Map0005.lmu","map0006.lmu":"Map0006.lmu","map0007.lmu":"Map0007.lmu","map0008.lmu":"Map0008.lmu","map0009.lmu":"Map0009.lmu","map0010.lmu":"Map0010.lmu","map0011.lmu":"Map0011.lmu","map0012.lmu":"Map0012.lmu","map0013.lmu":"Map0013.lmu","map0014.lmu":"Map0014.lmu","map0015.lmu":"Map0015.lmu","map0016.lmu":"Map0016.lmu","map0017.lmu":"Map0017.lmu","map0018.lmu":"Map0018.lmu","map0019.lmu":"Map0019.lmu","map0020.lmu":"Map0020.lmu","map0021.lmu":"Map0021.lmu","map0022.lmu":"Map0022.lmu","map0023.lmu":"Map0023.lmu","map0024.lmu":"Map0024.lmu","map0025.lmu":"Map0025.lmu","map0026.lmu":"Map0026.lmu","map0027.lmu":"Map0027.lmu","map0028.lmu":"Map0028.lmu","map0029.lmu":"Map0029.lmu","map0030.lmu":"Map0030.lmu","map0031.lmu":"Map0031.lmu","map0032.lmu":"Map0032.lmu","map0033.lmu":"Map0033.lmu","map0034.lmu":"Map0034.lmu","map0035.lmu":"Map0035.lmu","map0036.lmu":"Map0036.lmu","map0037.lmu":"Map0037.lmu","map0038.lmu":"Map0038.lmu","map0039.lmu":"Map0039.lmu","map0040.lmu":"Map0040.lmu","map0041.lmu":"Map0041.lmu","map0042.lmu":"Map0042.lmu","map0043.lmu":"Map0043.lmu","map0044.lmu":"Map0044.lmu","map0045.lmu":"Map0045.lmu","map0046.lmu":"Map0046.lmu","map0047.lmu":"Map0047.lmu","map0048.lmu":"Map0048.lmu","map0049.lmu":"Map0049.lmu","map0050.lmu":"Map0050.lmu","map0051.lmu":"Map0051.lmu","map0052.lmu":"Map0052.lmu","map0053.lmu":"Map0053.lmu","map0054.lmu":"Map0054.lmu","map0055.lmu":"Map0055.lmu","map0056.lmu":"Map0056.lmu","map0057.lmu":"Map0057.lmu","map0058.lmu":"Map0058.lmu","map0059.lmu":"Map0059.lmu","map0060.lmu":"Map0060.lmu","map0061.lmu":"Map0061.lmu","map0062.lmu":"Map0062.lmu","map0063.lmu":"Map0063.lmu","map0064.lmu":"Map0064.lmu","map0065.lmu":"Map0065.lmu","map0066.lmu":"Map0066.lmu","map0067.lmu":"Map0067.lmu","map0068.lmu":"Map0068.lmu","map0069.lmu":"Map0069.lmu","map0070.lmu":"Map0070.lmu","map0071.lmu":"Map0071.lmu","map0072.lmu":"Map0072.lmu","map0073.lmu":"Map0073.lmu","map0074.lmu":"Map0074.lmu","map0075.lmu":"Map0075.lmu","map0076.lmu":"Map0076.lmu","map0077.lmu":"Map0077.lmu","map0078.lmu":"Map0078.lmu","map0079.lmu":"Map0079.lmu","map0080.lmu":"Map0080.lmu","map0081.lmu":"Map0081.lmu","map0082.lmu":"Map0082.lmu","map0083.lmu":"Map0083.lmu","map0084.lmu":"Map0084.lmu","map0085.lmu":"Map0085.lmu","map0086.lmu":"Map0086.lmu","map0087.lmu":"Map0087.lmu","map0088.lmu":"Map0088.lmu","map0089.lmu":"Map0089.lmu","map0090.lmu":"Map0090.lmu","map0091.lmu":"Map0091.lmu","map0092.lmu":"Map0092.lmu","map0093.lmu":"Map0093.lmu","map0094.lmu":"Map0094.lmu","map0095.lmu":"Map0095.lmu","map0096.lmu":"Map0096.lmu","map0097.lmu":"Map0097.lmu","map0098.lmu":"Map0098.lmu","map0099.lmu":"Map0099.lmu","map0100.lmu":"Map0100.lmu","map0101.lmu":"Map0101.lmu","map0102.lmu":"Map0102.lmu","map0103.lmu":"Map0103.lmu","map0104.lmu":"Map0104.lmu","map0105.lmu":"Map0105.lmu","map0106.lmu":"Map0106.lmu","map0107.lmu":"Map0107.lmu","map0108.lmu":"Map0108.lmu","map0109.lmu":"Map0109.lmu","map0110.lmu":"Map0110.lmu","map0111.lmu":"Map0111.lmu","music":{"_dirname":"Music","bgm_03":"BGM_03.WAV","bgm_04":"BGM_04.WAV","bgm_05":"BGM_05.mp3","bgm_06":"BGM_06.mp3","bgm_07":"BGM_07.WAV","bgm_08":"BGM_08.WAV","bgm_09":"BGM_09.WAV","bgm_10":"BGM_10.WAV","bgm_13":"BGM_13.WAV","bgm_14":"BGM_14.WAV","bgm_15":"BGM_15.WAV","bgm_17":"BGM_17.WAV","bgm_18":"BGM_18.WAV","bgm_21":"BGM_21.wav","bgm_22":"BGM_22.wav","bgm_24":"BGM_24.WAV","bgm_25":"BGM_25.WAV","bgm_29":"BGM_29.WAV","bgm_30":"BGM_30.WAV","bgm_32":"BGM_32.WAV","bgm_33":"BGM_33.WAV","bgmidi1":"BGMIDI1.MID","bgmâïü[âvépér":"BGMâïü[âvéPéR.mp3","bgmâïü[âvét":"BGMâïü[âvéT.wav","bgmâïü[âvéu":"BGMâïü[âvéU.wav","bgmâïü[âvéx":"BGMâïü[âvéX.WAV","fc01":"FC01.mp3","fc02":"FC02.WAV","fc03":"FC03.WAV","fc05":"FC05.WAV","fc06":"FC06.WAV","fcæsæ╠":"FCæSæ╠.WAV","fcìræn":"FCìrÆn.WAV","train":"TRAIN.WAV","ägôñér":"ÄGôÑéR.WAV","üygépüzâ^âcâgâï":"üyGéPüzâ^âCâgâï.wav","üygépüzâ}âbâv":"üyGéPüzâ}âbâv.wav"},"panorama":{"_dirname":"Panorama","fcëãéq":"FCëãéQ.png","fcëãér":"FCëãéR.png","âgâôâgâëâôâx1-1":"âGâôâgâëâôâX1-1.png","âgâôâgâëâôâx1-2":"âGâôâgâëâôâX1-2.png","âgâôâgâëâôâx1-3":"âGâôâgâëâôâX1-3.png","âmâcây":"âmâCâY.png","âmâcâyb":"âmâCâYB.png","âuâìâbânîq":"âuâìâbâNîQ.png","ä ̧ècôdäè":"Ä¸èCôdÄÈ.png","ä ̧ècôdäè2":"Ä¸èCôdÄÈ2.png","är":"ÄR.png","äçöwîi":"Äçöwîi.png","åkå1⁄4":"ÅkÅ¼.png","é^é┴ìò":"É^é┴ìò.png","é®é▄é¡éþ":"é®é▄é¡éþ.png","éèéóòöë«":"ÉÈéóòöë«.png","éèéóòöë«ép":"ÉÈéóòöë«éP.png","îäûú":"îÄûÚ.png","öwîiâlâââëép":"öwîiâLâââëéP.png","öwîiâlâââëéq":"öwîiâLâââëéQ.png","öwîiâlâââëér":"öwîiâLâââëéR.png","öwîiâlâââëés":"öwîiâLâââëéS.png","öwîiâlâââëév":"öwîiâLâââëéV.png","öóòöë«öwîi2":"öÓòöë«öwîi2.png","ù[å─é»":"ù[Å─é».png","ù[å─é»éfö¢ô]":"ù[Å─é»ÉFö¢ô].png"},"picture":{"1":"1.xyz","10":"10.xyz","11":"11.xyz","12":"12.xyz","13":"13.xyz","14":"14.xyz","15":"15.xyz","16":"16.xyz","2":"2.xyz","3":"3.xyz","4":"4.xyz","5":"5.xyz","6":"6.xyz","7":"7.xyz","8":"8.xyz","9":"9.xyz","_dirname":"Picture","fcmâ^âiâï":"FCMâ^âIâï.png","fcmâeâôârâwâaü[":"FCMâEâôâRâwâAü[.png","fcmâjü[â":{"_dirname":"FCMâJü[â","âï":"âï.png"},"fcmâlâiâô":"FCMâlâIâô.png","fcmâuâìâôâh":"FCMâuâìâôâh.png","fcmâìâôâoâwâaü[":"FCMâìâôâOâwâAü[.png","fcmép":"FCMéP.png","fcméq":"FCMéQ.png","fcméqall":"FCMéQALL.png","fcmé®éaéú":"FCMé®éªéÚ.png","fcmé®é│":"FCMé®é│.png","fcmé¿é╔":"FCMé¿é╔.png","fcméáé±é▓éñ":"FCMéÁé±é▓éñ.png","fcméâé─é±éáéß":"FCMéÂé─é±éÁéß.png","fcméèéμéèéμ":"FCMéÈéµéÈéµ.png","fcméëéa":"FCMéËéª.png","fcméëéãéú":"FCMéËéãéÚ.png","fcméõé1⁄2é¿é±é╚":"FCMéõé½é¿é±é╚.png","fcmé┌éñéáâ}ât":"FCMé┌éñéÁâ}ât.png","fcmé┘éñé┐éõéñ":"FCMé┘éñé┐éÕéñ.png","fcmé┼é±éãéñ":"FCMé┼é±éãéñ.png","fcmé╚é▄é¡éð":"FCMé╚é▄é¡éÐ.png","fcmé╠é┴éï":"FCMé╠é┴éÏ.png","fcmé╦é▒":"FCMé╦é▒.png","fcmé▀é¥é▄éñé┼":"FCMé▀é¥é▄éñé┼.png","fcmé▄éâéõ":"FCMé▄éÂéÕ.png","fcmé▒éðéã":"FCMé▒éÐéã.png","fcmüóé©é1⁄2é±":"FCMüóé©é½é±.png","fcâqü[âçé╠ù1⁄4éû":"FCâQü[âÇé╠ù¼éÛ.png","fcâüâbâzü[âwâeâbâôâhâeüié¿é╔üj":"FCâüâbâZü[âWâEâBâôâhâEüié¿é╔üj.png","fcâüâbâzü[âwâeâbâôâhâeüiû│ænüj":"FCâüâbâZü[âWâEâBâôâhâEüiû│Ænüj.png","fcåiù╣":"FCÅIù╣.png","fcéõé▀é╠é╚é®":"FCéõé▀é╠é╚é®.png","fcéöäüéo":"FCÉöÄÜéO.png","fcéöäüép":"FCÉöÄÜéP.png","fcéöäüéq":"FCÉöÄÜéQ.png","fcéöäüér":"FCÉöÄÜéR.png","fcéöäüés":"FCÉöÄÜéS.png","fcéöäüét":"FCÉöÄÜéT.png","fcéöäüéu":"FCÉöÄÜéU.png","fcéöäüév":"FCÉöÄÜéV.png","fcéöäüéw":"FCÉöÄÜéW.png","fcéöäüéx":"FCÉöÄÜéX.png","fcû▓ô·ïl":"FCû▓ô·ïL.png","monopic1":"monopic1.xyz","monopic2":"monopic2.xyz","monopic3":"monopic3.xyz","monopic4":"monopic4.xyz","monopic5":"monopic5.xyz","monopic6":"monopic6.xyz","monopic7":"monopic7.xyz","thumbs":"Thumbs.db","â^âiâï":"â^âIâï.png","âeâôâr":"âEâôâR.png","âgâôâh":"âGâôâh.png","âgâôâhéq":"âGâôâhéQ.png","âlâiâô":"âlâIâô.png","âmü[â}âï":"âmü[â}âï.png","ânâg":"ânâG.png","âqü[âçé╠ù1⁄4éû":"âQü[âÇé╠ù¼éÛ.png","âtâ@â~âqü[âüâjâà":"âtâ@â~âQü[âüâjâà.png","âtâ@â~âqü[âüâjâàâjü[â":{"_dirname":"âtâ@â~âQü[âüâjâàâJü[â","âï":"âï.png"},"âtâ@â~âqü[âüâjâàìçû┌":"âtâ@â~âQü[âüâjâàìÇû┌.png","âtâ@â~âqü[üué╚éàüvéóû¥":"âtâ@â~âQü[üué╚éÀüvÉÓû¥.png","âtâeâôâhæ▓é«":"âTâEâôâhÆ▓É«.png","âuâìâôâh":"âuâìâôâh.png","âxâ_âbâg":"âXâ_âbâg.png","âìâôâo":"âìâôâO.png","âüâbâzü[âwâeâbâôâhâeüiépüj":"âüâbâZü[âWâEâBâôâhâEüiéPüj.png","âüâbâzü[âwâeâbâôâhâeüiérüj":"âüâbâZü[âWâEâBâôâhâEüiéRüj.png","é^é┴ìò":"É^é┴ìò.png","é®éaéú":"é®éªéÚ.png","é®éaéúâlâââë":"é®éªéÚâLâââë.png","é®éaéúâlâââë2":"é®éªéÚâLâââë2.png","é®é│":"é®é│.png","é¿é╔":"é¿é╔.png","éáé±é▓éñ":"éÁé±é▓éñ.png","éâé─é±éáéß":"éÂé─é±éÁéß.png","éëéa":"éËéª.png","éëéãéú":"éËéãéÚ.png","éõé1⁄2é¥éúé▄":"éõé½é¥éÚé▄.png","éõé1⁄2é¿é±é╚":"éõé½é¿é±é╚.png","éõé▀é╠é╚é®":"éõé▀é╠é╚é®.png","é┘éñé┐éõéñ":"é┘éñé┐éÕéñ.png","é┼é±éãéñ":"é┼é±éãéñ.png","é╚é▄é¡éð":"é╚é▄é¡éÐ.png","é╠é┴éïéþé┌éñ":"é╠é┴éÏéþé┌éñ.png","é╦é▒":"é╦é▒.png","é▀é¥é▄éñé┼":"é▀é¥é▄éñé┼.png","é▄éâéõ":"é▄éÂéÕ.png","é▒éðéã":"é▒éÐéã.png","ûxäqâ}ât":"ûXÄqâ}ât.png","û▓ô·ïl":"û▓ô·ïL.png","üygépüzgameü@over":"üyGéPüzGAMEü@OVER.png","üygépüzready":"üyGéPüzREADY.png","üygépüzstart":"üyGéPüzSTART.png","üygépüzâ^âcâgâï":"üyGéPüzâ^âCâgâï.png","üygépüzäõélî÷ëeòóé1⁄2ép":"üyGéPüzÄÕÉlî÷ëEòÓé½éP.png","üygépüzäõélî÷ëeòóé1⁄2épüié╚éàüj":"üyGéPüzÄÕÉlî÷ëEòÓé½éPüié╚éÀüj.png","üygépüzäõélî÷ëeòóé1⁄2éq":"üyGéPüzÄÕÉlî÷ëEòÓé½éQ.png","üygépüzäõélî÷ëeòóé1⁄2éqüié╚éàüj":"üyGéPüzÄÕÉlî÷ëEòÓé½éQüié╚éÀüj.png","üygépüzäõélî÷ëeùoé┐":"üyGéPüzÄÕÉlî÷ëEùºé┐.png","üygépüzäõélî÷ëeùoé┐üié╚éàüj":"üyGéPüzÄÕÉlî÷ëEùºé┐üié╚éÀüj.png","üygépüzäõélî÷ëe╝ì1⁄4¦╠▀":"üyGéPüzÄÕÉlî÷ëE╝Ì¼¦╠▀.png","üygépüzäõélî÷ëe╝ì1⁄4¦╠▀üié╚éàüj":"üyGéPüzÄÕÉlî÷ëE╝Ì¼¦╠▀üié╚éÀüj.png","üygépüzäõélî÷ìâòóé1⁄2ép":"üyGéPüzÄÕÉlî÷ìÂòÓé½éP.png","üygépüzäõélî÷ìâòóé1⁄2épüié╚éàüj":"üyGéPüzÄÕÉlî÷ìÂòÓé½éPüié╚éÀüj.png","üygépüzäõélî÷ìâòóé1⁄2éq":"üyGéPüzÄÕÉlî÷ìÂòÓé½éQ.png","üygépüzäõélî÷ìâòóé1⁄2éqüié╚éàüj":"üyGéPüzÄÕÉlî÷ìÂòÓé½éQüié╚éÀüj.png","üygépüzäõélî÷ìâùoé┐":"üyGéPüzÄÕÉlî÷ìÂùºé┐.png","üygépüzäõélî÷ìâùoé┐üié╚éàüj":"üyGéPüzÄÕÉlî÷ìÂùºé┐üié╚éÀüj.png","üygépüzäõélî÷ìâ╝ì1⁄4¦╠▀":"üyGéPüzÄÕÉlî÷ìÂ╝Ì¼¦╠▀.png","üygépüzäõélî÷ìâ╝ì1⁄4¦╠▀üié╚éàüj":"üyGéPüzÄÕÉlî÷ìÂ╝Ì¼¦╠▀üié╚éÀüj.png","üygépüzéèé╚éà":"üyGéPüzÉÈé╚éÀ.png","üygépüzéöäüéo":"üyGéPüzÉöÄÜéO.png","üygépüzéöäüép":"üyGéPüzÉöÄÜéP.png","üygépüzéöäüéq":"üyGéPüzÉöÄÜéQ.png","üygépüzéöäüér":"üyGéPüzÉöÄÜéR.png","üygépüzéöäüés":"üyGéPüzÉöÄÜéS.png","üygépüzéöäüét":"üyGéPüzÉöÄÜéT.png","üygépüzéöäüéu":"üyGéPüzÉöÄÜéU.png","üygépüzéöäüév":"üyGéPüzÉöÄÜéV.png","üygépüzéöäüéw":"üyGéPüzÉöÄÜéW.png","üygépüzéöäüéx":"üyGéPüzÉöÄÜéX.png","üygépüzé╚éà":"üyGéPüzé╚éÀ.png","üygépüzöwîi":"üyGéPüzöwîi.png","üygépüzöwîi2":"üyGéPüzöwîi2.png","üygüz1000ô_":"üyGüz1000ô_.png","üygüz10ô_":"üyGüz10ô_.png","üygüz300ô_":"üyGüz300ô_.png","üygüzìòëμû╩":"üyGüzìòëµû╩.png","üygüzÿg":"üyGüzÿg.png","üóô¬ïð":"üóô¬ïð.png"},"rpg_rt.exe":"RPG_RT.exe","rpg_rt.ini":"RPG_RT.ini","rpg_rt.ldb":"RPG_RT.ldb","rpg_rt.lmt":"RPG_RT.lmt","sound":{"_dirname":"Sound","fcâ_âüü[âwë╣":"FCâ_âüü[âWë╣.WAV","fcâgâtâfânâgoff":"FCâGâtâFâNâgOFF.WAV","fcâgâtâfânâgon":"FCâGâtâFâNâgON.WAV","fcâgâtâfânâgägùp":"FCâGâtâFâNâgÄgùp.WAV","fcâjü[â":{"_dirname":"FCâJü[â","âïép":"âïéP.WAV","âïéq":"âïéQ.WAV"},"fcâwâââôâv":"FCâWâââôâv.WAV","fcâüâjâàoff":"FCâüâjâàOFF.WAV","fcâüâjâàon":"FCâüâjâàON.WAV","fcé¡éáéßé¦":"FCé¡éÁéßé¦.WAV","fcê┌ô«":"FCê┌ô«.WAV","fcö¡ô«":"FCö¡ô«.WAV","fcùï":"FCùï.WAV","sbend":"Sbend.WAV","två┴éà":"TVÅ┴éÀ.wav","tvé┬é»éú":"TVé┬é»éÚ.wav","voice1":"voice1.wav","â_âüü[âwë╣":"â_âüü[âWë╣.WAV","â`âçâôâb":"â`âçâôâb.WAV","â`ü[âô":"â`ü[âô.WAV","âcâôâtâhë╣":"âCâôâtâHë╣.WAV","âgâcâîù1⁄4éà":"âgâCâîù¼éÀ.WAV","âgârü[âxâïép":"âGâRü[âxâïéP.WAV","âgârü[âxâïéq":"âGâRü[âxâïéQ.WAV","âgâtâfânâgägùp":"âGâtâFâNâgÄgùp.WAV","âgâtâfânâgë­å£":"âGâtâFâNâgë­Å£.WAV","âhâaèjé»éú":"âhâAèJé»éÚ.wav","âhâaò┬é▀éú":"âhâAò┬é▀éÚ.wav","âjâëâèâìâì":"âJâëâèâìâì.WAV","âjü[â":{"_dirname":"âJü[â","âïë╣ép":"âïë╣éP.WAV"},"âlâââôâzâïë╣":"âLâââôâZâïë╣.WAV","âlââü[":"âLââü[.WAV","âlââü[éq":"âLââü[éQ.WAV","ânâgép":"ânâGéP.WAV","ânâgéq":"ânâGéQ.WAV","âsârâbép":"âsâRâbéP.WAV","âuâuü[":"âuâUü[.WAV","âuâuü[éq":"âuâUü[éQ.WAV","âwâàü[âx":"âWâàü[âX.WAV","âxâbâhé╔ô3éú":"âxâbâhé╔ô³éÚ.WAV","âyâìâè":"âyâìâè.WAV","âåü[âv":"âÅü[âv.WAV","åıô╦ë╣":"Åıô╦ë╣.WAV","å╬éóé║":"Å╬éóÉ║.WAV","æ1⁄2ë╣ép":"æ½ë╣éP.wav","æ1⁄2ë╣épéo":"æ½ë╣éPéO.WAV","æ1⁄2ë╣épép":"æ½ë╣éPéP.WAV","æ1⁄2ë╣épéq":"æ½ë╣éPéQ.WAV","æ1⁄2ë╣épér":"æ½ë╣éPéR.WAV","æ1⁄2ë╣épés":"æ½ë╣éPéS.WAV","æ1⁄2ë╣épét":"æ½ë╣éPéT.WAV","æ1⁄2ë╣épéu":"æ½ë╣éPéU.WAV","æ1⁄2ë╣épév":"æ½ë╣éPéV.WAV","æ1⁄2ë╣épéw":"æ½ë╣éPéW.wav","æ1⁄2ë╣épéx":"æ½ë╣éPéX.wav","æ1⁄2ë╣éq":"æ½ë╣éQ.wav","æ1⁄2ë╣éqéo":"æ½ë╣éQéO.WAV","æ1⁄2ë╣éqér":"æ½ë╣éQéR.WAV","æ1⁄2ë╣érüiéâéòéñé¢é±üj":"æ½ë╣éRüiéÂéÒéñé¢é±üj.WAV","æ1⁄2ë╣és":"æ½ë╣éS.WAV","æ1⁄2ë╣ét":"æ½ë╣éT.WAV","æ1⁄2ë╣éu":"æ½ë╣éU.WAV","æ1⁄2ë╣év":"æ½ë╣éV.WAV","æ1⁄2ë╣éw":"æ½ë╣éW.wav","æ1⁄2ë╣éx":"æ½ë╣éX.WAV","æzéóâmâcây":"ÆZéóâmâCâY.WAV","é3⁄4éúê┌ô«":"É¾Éúê┌ô«.WAV","éfédésë╣":"éfédésë╣.WAV","éfédésë╣éq":"éfédésë╣éQ.WAV","éuéúë╣ép":"ÉUéÚë╣éP.WAV","é¡éáéßé¦":"é¡éÁéßé¦.WAV","é¢é▄é▓äyé¦":"é¢é▄é▓ÄYé¦.wav","é®éaéúép":"é®éªéÚéP.WAV","éè":"ÉÈ.WAV","é┌éμéμé±":"é┌éµéµé±.WAV","é┐éòé┴":"é┐éÒé┴.WAV","é┬":"É┬.WAV","ëtæ╠":"ëtæ╠.WAV","îêæþë╣":"îêÆÞë╣.WAV","ò¤ë╗":"ò¤ë╗.WAV","ò¤ë╗ït":"ò¤ë╗ït.WAV","òáé╠æä":"òáé╠ÆÄ.WAV","òéé¡":"òéé¡.WAV","ôjép":"ôJéP.WAV","ôjéq":"ôJéQ.WAV","ôjér":"ôJéR.WAV","ôjés":"ôJéS.WAV","ôjét":"ôJéT.WAV","ölép":"öLéP.WAV","ùhùý":"ùHùý.WAV","ùïû┬":"ùïû┬.WAV","ûjé­é┬é╦éú":"ûjé­é┬é╦éÚ.WAV","ûïâhâaèjé»éú":"ûÏâhâAèJé»éÚ.WAV","ûïâhâaò┬é▀éú":"ûÏâhâAò┬é▀éÚ.WAV","û┬é1⁄2é║éq":"û┬é½É║éQ.WAV","üyg1üzgame over":"üyG1üzGAME OVER.wav","üyg1üzä©ösë╣":"üyG1üzÄ©ösë╣.WAV","üygüzæ1⁄2ë╣":"üyGüzæ½ë╣.wav","üygüzé╚éàget":"üyGüzé╚éÀGET.WAV","üåépéoéo":"üÅéPéOéO.WAV"},"system":{"_dirname":"System","thumbs":"Thumbs.db","â}âcâvâxâeâç":"â}âCâVâXâeâÇ.png","â}âcâvâxâeâça":"â}âCâVâXâeâÇA.png","â}âcâvâxâeâçôoû¥":"â}âCâVâXâeâÇôºû¥.png","â}âcâvâxâeâçüiåèäøïóò":{"_dirname":"â}âCâVâXâeâÇüiÅèÄØïÓò","äaùpüj":"Äªùpüj.png"}},"title":{"_dirname":"Title","thumbs":"Thumbs.db","â^âcâgâï":"â^âCâgâï.png"}},"metadata":{"date":"2024-08-17","version":2}}